{
  "duration_by_phase": {
    "1": {
      "min": 7,
      "priority": 2,
      "release": 5
    },
    "2": {
      "min": 7,
      "priority": 2,
      "release": 2
    },
    "3": {
      "min": 7,
      "priority": 2,
      "release": 20
    },
    "4": {
      "min": 0,
      "priority": 14,
      "release": 2
    }
  },
  "weight_by_phase": {
    "1": 0.769230769230769,
    "2": 0.07692307692307691,
    "3": 0.07692307692307691,
    "4": 0.07692307692307691
  }
}