{
  "duration_by_phase": {
    "1": {
      "min": 8,
      "priority": 10,
      "release": 15
    },
    "2": {
      "min": 8,
      "priority": 5,
      "release": 4
    },
    "3": {
      "min": 7,
      "priority": 0,
      "release": 5
    },
    "4": {
      "min": 8,
      "priority": 7,
      "release": 14
    }
  },
  "weight_by_phase": {
    "1": 0.4631321302190311,
    "2": 0.16503470316908136,
    "3": 0.21722534478769873,
    "4": 0.1546078218241889
  }
}